-- phpMyAdmin SQL Dump
-- version 5.2.1
-- https://www.phpmyadmin.net/
--
-- Host: 127.0.0.1
-- Waktu pembuatan: 13 Jul 2024 pada 15.09
-- Versi server: 10.4.28-MariaDB
-- Versi PHP: 8.0.28

SET SQL_MODE = "NO_AUTO_VALUE_ON_ZERO";
START TRANSACTION;
SET time_zone = "+00:00";


/*!40101 SET @OLD_CHARACTER_SET_CLIENT=@@CHARACTER_SET_CLIENT */;
/*!40101 SET @OLD_CHARACTER_SET_RESULTS=@@CHARACTER_SET_RESULTS */;
/*!40101 SET @OLD_COLLATION_CONNECTION=@@COLLATION_CONNECTION */;
/*!40101 SET NAMES utf8mb4 */;

--
-- Database: `coursera`
--

-- --------------------------------------------------------

--
-- Struktur dari tabel `cheese_production`
--

CREATE TABLE `cheese_production` (
  `Year` int(11) DEFAULT NULL,
  `Period` text DEFAULT NULL,
  `Geo_Level` text DEFAULT NULL,
  `State_ANSI` int(11) DEFAULT NULL,
  `Commodity_ID` int(11) DEFAULT NULL,
  `Domain` text DEFAULT NULL,
  `Value` int(11) DEFAULT NULL
) ENGINE=InnoDB DEFAULT CHARSET=utf8mb4 COLLATE=utf8mb4_general_ci;

--
-- Dumping data untuk tabel `cheese_production`
--

INSERT INTO `cheese_production` (`Year`, `Period`, `Geo_Level`, `State_ANSI`, `Commodity_ID`, `Domain`, `Value`) VALUES
(0, 'Period', 'Geo_Level', 0, 0, 'Domain', 0),
(2023, 'APR', 'STATE', 6, 6, 'TOTAL', 208),
(2023, 'APR', 'STATE', 16, 6, 'TOTAL', 86),
(2023, 'APR', 'STATE', 17, 6, 'TOTAL', 5),
(2023, 'APR', 'STATE', 19, 6, 'TOTAL', 31),
(2023, 'APR', 'STATE', 27, 6, 'TOTAL', 69),
(2023, 'APR', 'STATE', 34, 6, 'TOTAL', 4),
(2023, 'APR', 'STATE', 35, 6, 'TOTAL', 79),
(2023, 'APR', 'STATE', 36, 6, 'TOTAL', 66),
(2023, 'APR', 'STATE', 39, 6, 'TOTAL', 20),
(2023, 'APR', 'STATE', 0, 6, 'TOTAL', 215),
(2023, 'APR', 'STATE', 42, 6, 'TOTAL', 39),
(2023, 'APR', 'STATE', 46, 6, 'TOTAL', 43),
(2023, 'APR', 'STATE', 50, 6, 'TOTAL', 11),
(2023, 'APR', 'STATE', 55, 6, 'TOTAL', 289),
(2023, 'FEB', 'STATE', 6, 6, 'TOTAL', 201),
(2023, 'FEB', 'STATE', 16, 6, 'TOTAL', 72),
(2023, 'FEB', 'STATE', 17, 6, 'TOTAL', 4),
(2023, 'FEB', 'STATE', 19, 6, 'TOTAL', 31),
(2023, 'FEB', 'STATE', 27, 6, 'TOTAL', 65),
(2023, 'FEB', 'STATE', 34, 6, 'TOTAL', 4),
(2023, 'FEB', 'STATE', 35, 6, 'TOTAL', 74),
(2023, 'FEB', 'STATE', 36, 6, 'TOTAL', 66),
(2023, 'FEB', 'STATE', 39, 6, 'TOTAL', 19),
(2023, 'FEB', 'STATE', 0, 6, 'TOTAL', 196),
(2023, 'FEB', 'STATE', 42, 6, 'TOTAL', 38),
(2023, 'FEB', 'STATE', 46, 6, 'TOTAL', 42),
(2023, 'FEB', 'STATE', 50, 6, 'TOTAL', 10),
(2023, 'FEB', 'STATE', 55, 6, 'TOTAL', 272),
(2023, 'JAN', 'STATE', 6, 6, 'TOTAL', 203),
(2023, 'JAN', 'STATE', 16, 6, 'TOTAL', 89),
(2023, 'JAN', 'STATE', 17, 6, 'TOTAL', 5),
(2023, 'JAN', 'STATE', 19, 6, 'TOTAL', 32),
(2023, 'JAN', 'STATE', 27, 6, 'TOTAL', 70),
(2023, 'JAN', 'STATE', 34, 6, 'TOTAL', 5),
(2023, 'JAN', 'STATE', 35, 6, 'TOTAL', 95),
(2023, 'JAN', 'STATE', 36, 6, 'TOTAL', 71),
(2023, 'JAN', 'STATE', 39, 6, 'TOTAL', 22),
(2023, 'JAN', 'STATE', 0, 6, 'TOTAL', 259),
(2023, 'JAN', 'STATE', 42, 6, 'TOTAL', 38),
(2023, 'JAN', 'STATE', 50, 6, 'TOTAL', 12),
(2023, 'JAN', 'STATE', 55, 6, 'TOTAL', 296),
(2023, 'MAR', 'STATE', 6, 6, 'TOTAL', 219),
(2023, 'MAR', 'STATE', 16, 6, 'TOTAL', 91),
(2023, 'MAR', 'STATE', 17, 6, 'TOTAL', 5),
(2023, 'MAR', 'STATE', 19, 6, 'TOTAL', 34),
(2023, 'MAR', 'STATE', 27, 6, 'TOTAL', 71),
(2023, 'MAR', 'STATE', 34, 6, 'TOTAL', 5),
(2023, 'MAR', 'STATE', 35, 6, 'TOTAL', 83),
(2023, 'MAR', 'STATE', 36, 6, 'TOTAL', 75),
(2023, 'MAR', 'STATE', 39, 6, 'TOTAL', 22),
(2023, 'MAR', 'STATE', 0, 6, 'TOTAL', 221),
(2023, 'MAR', 'STATE', 42, 6, 'TOTAL', 42),
(2023, 'MAR', 'STATE', 46, 6, 'TOTAL', 45),
(2023, 'MAR', 'STATE', 50, 6, 'TOTAL', 11),
(2023, 'MAR', 'STATE', 55, 6, 'TOTAL', 302),
(2022, 'APR', 'STATE', 6, 6, 'TOTAL', 205),
(2022, 'APR', 'STATE', 16, 6, 'TOTAL', 86),
(2022, 'APR', 'STATE', 17, 6, 'TOTAL', 5),
(2022, 'APR', 'STATE', 19, 6, 'TOTAL', 31),
(2022, 'APR', 'STATE', 27, 6, 'TOTAL', 68),
(2022, 'APR', 'STATE', 34, 6, 'TOTAL', 4),
(2022, 'APR', 'STATE', 35, 6, 'TOTAL', 78),
(2022, 'APR', 'STATE', 36, 6, 'TOTAL', 67),
(2022, 'APR', 'STATE', 39, 6, 'TOTAL', 22),
(2022, 'APR', 'STATE', 0, 6, 'TOTAL', 209),
(2022, 'APR', 'STATE', 42, 6, 'TOTAL', 38),
(2022, 'APR', 'STATE', 46, 6, 'TOTAL', 45),
(2022, 'APR', 'STATE', 50, 6, 'TOTAL', 12),
(2022, 'APR', 'STATE', 55, 6, 'TOTAL', 295),
(2022, 'AUG', 'STATE', 6, 6, 'TOTAL', 206),
(2022, 'AUG', 'STATE', 16, 6, 'TOTAL', 73),
(2022, 'AUG', 'STATE', 17, 6, 'TOTAL', 5),
(2022, 'AUG', 'STATE', 19, 6, 'TOTAL', 32),
(2022, 'AUG', 'STATE', 27, 6, 'TOTAL', 68),
(2022, 'AUG', 'STATE', 34, 6, 'TOTAL', 5),
(2022, 'AUG', 'STATE', 35, 6, 'TOTAL', 80),
(2022, 'AUG', 'STATE', 36, 6, 'TOTAL', 68),
(2022, 'AUG', 'STATE', 39, 6, 'TOTAL', 20),
(2022, 'AUG', 'STATE', 0, 6, 'TOTAL', 212),
(2022, 'AUG', 'STATE', 42, 6, 'TOTAL', 35),
(2022, 'AUG', 'STATE', 46, 6, 'TOTAL', 43),
(2022, 'AUG', 'STATE', 50, 6, 'TOTAL', 12),
(2022, 'AUG', 'STATE', 55, 6, 'TOTAL', 291),
(2022, 'DEC', 'STATE', 6, 6, 'TOTAL', 208),
(2022, 'DEC', 'STATE', 16, 6, 'TOTAL', 86),
(2022, 'DEC', 'STATE', 17, 6, 'TOTAL', 5),
(2022, 'DEC', 'STATE', 19, 6, 'TOTAL', 35),
(2022, 'DEC', 'STATE', 27, 6, 'TOTAL', 70),
(2022, 'DEC', 'STATE', 34, 6, 'TOTAL', 5),
(2022, 'DEC', 'STATE', 35, 6, 'TOTAL', 83),
(2022, 'DEC', 'STATE', 36, 6, 'TOTAL', 66),
(2022, 'DEC', 'STATE', 39, 6, 'TOTAL', 23),
(2022, 'DEC', 'STATE', 0, 6, 'TOTAL', 216),
(2022, 'DEC', 'STATE', 42, 6, 'TOTAL', 39),
(2022, 'DEC', 'STATE', 46, 6, 'TOTAL', 44),
(2022, 'DEC', 'STATE', 50, 6, 'TOTAL', 12),
(2022, 'DEC', 'STATE', 55, 6, 'TOTAL', 298),
(2022, 'FEB', 'STATE', 6, 6, 'TOTAL', 199),
(2022, 'FEB', 'STATE', 16, 6, 'TOTAL', 73);

-- --------------------------------------------------------

--
-- Struktur dari tabel `coffee_production`
--

CREATE TABLE `coffee_production` (
  `Year` int(11) DEFAULT NULL,
  `Period` text DEFAULT NULL,
  `Geo_Level` text DEFAULT NULL,
  `State_ANSI` int(11) DEFAULT NULL,
  `Commodity_ID` int(11) DEFAULT NULL,
  `Value` int(11) DEFAULT NULL
) ENGINE=InnoDB DEFAULT CHARSET=utf8mb4 COLLATE=utf8mb4_general_ci;

--
-- Dumping data untuk tabel `coffee_production`
--

INSERT INTO `coffee_production` (`Year`, `Period`, `Geo_Level`, `State_ANSI`, `Commodity_ID`, `Value`) VALUES
(0, 'Period', 'Geo_Level', 0, 0, 0),
(2016, 'YEAR', 'STATE', 15, 1, 5),
(2015, 'YEAR', 'STATE', 15, 1, 6),
(2014, 'YEAR', 'STATE', 15, 1, 7),
(2013, 'YEAR', 'STATE', 15, 1, 8),
(2012, 'YEAR', 'STATE', 15, 1, 7),
(2011, 'YEAR', 'STATE', 15, 1, 7),
(2010, 'YEAR', 'STATE', 15, 1, 8),
(2009, 'YEAR', 'STATE', 15, 1, 8),
(2008, 'YEAR', 'STATE', 15, 1, 8),
(2007, 'YEAR', 'STATE', 15, 1, 7),
(2006, 'YEAR', 'STATE', 15, 1, 7),
(2005, 'YEAR', 'STATE', 15, 1, 8),
(2004, 'YEAR', 'STATE', 15, 1, 5),
(2003, 'YEAR', 'STATE', 15, 1, 8),
(2002, 'YEAR', 'STATE', 15, 1, 7),
(2001, 'YEAR', 'STATE', 15, 1, 8),
(2000, 'YEAR', 'STATE', 15, 1, 8),
(1999, 'YEAR', 'STATE', 15, 1, 10),
(1998, 'YEAR', 'STATE', 15, 1, 9),
(1997, 'YEAR', 'STATE', 15, 1, 9),
(1996, 'YEAR', 'STATE', 15, 1, 6),
(1995, 'YEAR', 'STATE', 15, 1, 5),
(1994, 'YEAR', 'STATE', 15, 1, 4),
(1993, 'YEAR', 'STATE', 15, 1, 2),
(1992, 'YEAR', 'STATE', 15, 1, 2),
(1991, 'YEAR', 'STATE', 15, 1, 2),
(1990, 'YEAR', 'STATE', 15, 1, 2),
(1989, 'YEAR', 'STATE', 15, 1, 3),
(1988, 'YEAR', 'STATE', 15, 1, 2),
(1987, 'YEAR', 'STATE', 15, 1, 1),
(1986, 'YEAR', 'STATE', 15, 1, 3),
(1985, 'YEAR', 'STATE', 15, 1, 1),
(1984, 'YEAR', 'STATE', 15, 1, 1),
(1983, 'YEAR', 'STATE', 15, 1, 2),
(1982, 'YEAR', 'STATE', 15, 1, 990),
(1981, 'YEAR', 'STATE', 15, 1, 2),
(1980, 'YEAR', 'STATE', 15, 1, 1),
(1979, 'YEAR', 'STATE', 15, 1, 2),
(1978, 'YEAR', 'STATE', 15, 1, 1),
(1977, 'YEAR', 'STATE', 15, 1, 2),
(1976, 'YEAR', 'STATE', 15, 1, 2),
(1975, 'YEAR', 'STATE', 15, 1, 1),
(1974, 'YEAR', 'STATE', 15, 1, 1),
(1973, 'YEAR', 'STATE', 15, 1, 3),
(1972, 'YEAR', 'STATE', 15, 1, 3),
(1971, 'YEAR', 'STATE', 15, 1, 2),
(1970, 'YEAR', 'STATE', 15, 1, 4),
(1969, 'YEAR', 'STATE', 15, 1, 4),
(1968, 'YEAR', 'STATE', 15, 1, 5),
(1967, 'YEAR', 'STATE', 15, 1, 5),
(1966, 'YEAR', 'STATE', 15, 1, 8),
(1965, 'YEAR', 'STATE', 15, 1, 7),
(1964, 'YEAR', 'STATE', 15, 1, 9),
(1963, 'YEAR', 'STATE', 15, 1, 6),
(1962, 'YEAR', 'STATE', 15, 1, 13),
(1961, 'YEAR', 'STATE', 15, 1, 8),
(1960, 'YEAR', 'STATE', 15, 1, 13),
(1959, 'YEAR', 'STATE', 15, 1, 12),
(1958, 'YEAR', 'STATE', 15, 1, 10),
(1957, 'YEAR', 'STATE', 15, 1, 18),
(1956, 'YEAR', 'STATE', 15, 1, 11),
(1955, 'YEAR', 'STATE', 15, 1, 10),
(1954, 'YEAR', 'STATE', 15, 1, 12),
(1953, 'YEAR', 'STATE', 15, 1, 10),
(1952, 'YEAR', 'STATE', 15, 1, 10),
(1951, 'YEAR', 'STATE', 15, 1, 9),
(1950, 'YEAR', 'STATE', 15, 1, 9),
(1949, 'YEAR', 'STATE', 15, 1, 5),
(1948, 'YEAR', 'STATE', 15, 1, 7),
(1947, 'YEAR', 'STATE', 15, 1, 8),
(1946, 'YEAR', 'STATE', 15, 1, 8);

-- --------------------------------------------------------

--
-- Struktur dari tabel `egg_production`
--

CREATE TABLE `egg_production` (
  `Year` int(11) DEFAULT NULL,
  `Period` text DEFAULT NULL,
  `Geo_Level` text DEFAULT NULL,
  `State_ANSI` int(11) DEFAULT NULL,
  `Commodity_ID` int(11) DEFAULT NULL,
  `Value` int(11) DEFAULT NULL
) ENGINE=InnoDB DEFAULT CHARSET=utf8mb4 COLLATE=utf8mb4_general_ci;

--
-- Dumping data untuk tabel `egg_production`
--

INSERT INTO `egg_production` (`Year`, `Period`, `Geo_Level`, `State_ANSI`, `Commodity_ID`, `Value`) VALUES
(0, 'Period', 'Geo_Level', 0, 0, 0),
(2023, 'APR', 'STATE', 1, 7, 224),
(2023, 'APR', 'STATE', 5, 7, 319),
(2023, 'APR', 'STATE', 6, 7, 271),
(2023, 'APR', 'STATE', 8, 7, 52),
(2023, 'APR', 'STATE', 13, 7, 437),
(2023, 'APR', 'STATE', 17, 7, 162),
(2023, 'APR', 'STATE', 18, 7, 891),
(2023, 'APR', 'STATE', 19, 7, 1),
(2023, 'APR', 'STATE', 21, 7, 122),
(2023, 'APR', 'STATE', 24, 7, 54),
(2023, 'APR', 'STATE', 26, 7, 421),
(2023, 'APR', 'STATE', 27, 7, 192),
(2023, 'APR', 'STATE', 28, 7, 114),
(2023, 'APR', 'STATE', 29, 7, 332),
(2023, 'APR', 'STATE', 31, 7, 181),
(2023, 'APR', 'STATE', 36, 7, 144),
(2023, 'APR', 'STATE', 37, 7, 341),
(2023, 'APR', 'STATE', 39, 7, 941),
(2023, 'APR', 'STATE', 40, 7, 45),
(2023, 'APR', 'STATE', 41, 7, 58),
(2023, 'APR', 'STATE', 0, 7, 747),
(2023, 'APR', 'STATE', 42, 7, 635),
(2023, 'APR', 'STATE', 45, 7, 80),
(2023, 'APR', 'STATE', 46, 7, 30),
(2023, 'APR', 'STATE', 48, 7, 528),
(2023, 'APR', 'STATE', 49, 7, 150),
(2023, 'APR', 'STATE', 51, 7, 62),
(2023, 'APR', 'STATE', 53, 7, 142),
(2023, 'APR', 'STATE', 55, 7, 194),
(2023, 'FEB', 'STATE', 1, 7, 202),
(2023, 'FEB', 'STATE', 5, 7, 298),
(2023, 'FEB', 'STATE', 6, 7, 255),
(2023, 'FEB', 'STATE', 8, 7, 39),
(2023, 'FEB', 'STATE', 13, 7, 412),
(2023, 'FEB', 'STATE', 17, 7, 148),
(2023, 'FEB', 'STATE', 18, 7, 837),
(2023, 'FEB', 'STATE', 19, 7, 997),
(2023, 'FEB', 'STATE', 21, 7, 117),
(2023, 'FEB', 'STATE', 24, 7, 51),
(2023, 'FEB', 'STATE', 26, 7, 379),
(2023, 'FEB', 'STATE', 27, 7, 184),
(2023, 'FEB', 'STATE', 28, 7, 104),
(2023, 'FEB', 'STATE', 29, 7, 312),
(2023, 'FEB', 'STATE', 31, 7, 141),
(2023, 'FEB', 'STATE', 36, 7, 134),
(2023, 'FEB', 'STATE', 37, 7, 321),
(2023, 'FEB', 'STATE', 39, 7, 842),
(2023, 'FEB', 'STATE', 40, 7, 42),
(2023, 'FEB', 'STATE', 41, 7, 51),
(2023, 'FEB', 'STATE', 0, 7, 689),
(2023, 'FEB', 'STATE', 42, 7, 593),
(2023, 'FEB', 'STATE', 45, 7, 82),
(2023, 'FEB', 'STATE', 46, 7, 27),
(2023, 'FEB', 'STATE', 48, 7, 488),
(2023, 'FEB', 'STATE', 49, 7, 137),
(2023, 'FEB', 'STATE', 51, 7, 59),
(2023, 'FEB', 'STATE', 53, 7, 135),
(2023, 'FEB', 'STATE', 55, 7, 139),
(2023, 'JAN', 'STATE', 1, 7, 218),
(2023, 'JAN', 'STATE', 5, 7, 335),
(2023, 'JAN', 'STATE', 6, 7, 277),
(2023, 'JAN', 'STATE', 8, 7, 44),
(2023, 'JAN', 'STATE', 13, 7, 456),
(2023, 'JAN', 'STATE', 17, 7, 162),
(2023, 'JAN', 'STATE', 18, 7, 930),
(2023, 'JAN', 'STATE', 19, 7, 1),
(2023, 'JAN', 'STATE', 21, 7, 128),
(2023, 'JAN', 'STATE', 24, 7, 58),
(2023, 'JAN', 'STATE', 26, 7, 418),
(2023, 'JAN', 'STATE', 27, 7, 212),
(2023, 'JAN', 'STATE', 28, 7, 114),
(2023, 'JAN', 'STATE', 29, 7, 351),
(2023, 'JAN', 'STATE', 31, 7, 148),
(2023, 'JAN', 'STATE', 36, 7, 149),
(2023, 'JAN', 'STATE', 37, 7, 352),
(2023, 'JAN', 'STATE', 39, 7, 902),
(2023, 'JAN', 'STATE', 40, 7, 50),
(2023, 'JAN', 'STATE', 41, 7, 56),
(2023, 'JAN', 'STATE', 0, 7, 767),
(2023, 'JAN', 'STATE', 42, 7, 663),
(2023, 'JAN', 'STATE', 45, 7, 92),
(2023, 'JAN', 'STATE', 46, 7, 27),
(2023, 'JAN', 'STATE', 48, 7, 553),
(2023, 'JAN', 'STATE', 49, 7, 155),
(2023, 'JAN', 'STATE', 51, 7, 65),
(2023, 'JAN', 'STATE', 53, 7, 151),
(2023, 'JAN', 'STATE', 55, 7, 150),
(2023, 'MAR', 'STATE', 1, 7, 229),
(2023, 'MAR', 'STATE', 5, 7, 328),
(2023, 'MAR', 'STATE', 6, 7, 278),
(2023, 'MAR', 'STATE', 8, 7, 46),
(2023, 'MAR', 'STATE', 13, 7, 456),
(2023, 'MAR', 'STATE', 17, 7, 167),
(2023, 'MAR', 'STATE', 18, 7, 929),
(2023, 'MAR', 'STATE', 19, 7, 1),
(2023, 'MAR', 'STATE', 21, 7, 128),
(2023, 'MAR', 'STATE', 24, 7, 56),
(2023, 'MAR', 'STATE', 26, 7, 435),
(2023, 'MAR', 'STATE', 27, 7, 198);

-- --------------------------------------------------------

--
-- Struktur dari tabel `honey_production`
--

CREATE TABLE `honey_production` (
  `Year` int(11) DEFAULT NULL,
  `Geo_Level` text DEFAULT NULL,
  `State_ANSI` int(11) DEFAULT NULL,
  `Commodity_ID` int(11) DEFAULT NULL,
  `Value` int(11) DEFAULT NULL
) ENGINE=InnoDB DEFAULT CHARSET=utf8mb4 COLLATE=utf8mb4_general_ci;

--
-- Dumping data untuk tabel `honey_production`
--

INSERT INTO `honey_production` (`Year`, `Geo_Level`, `State_ANSI`, `Commodity_ID`, `Value`) VALUES
(0, 'Geo_Level', 0, 0, 0),
(2022, 'STATE', 1, 2, 400),
(2022, 'STATE', 4, 2, 1),
(2022, 'STATE', 5, 2, 1),
(2022, 'STATE', 6, 2, 11),
(2022, 'STATE', 8, 2, 1),
(2022, 'STATE', 12, 2, 7),
(2022, 'STATE', 13, 2, 3),
(2022, 'STATE', 16, 2, 2),
(2022, 'STATE', 17, 2, 470),
(2022, 'STATE', 18, 2, 567),
(2022, 'STATE', 19, 2, 2),
(2022, 'STATE', 20, 2, 372),
(2022, 'STATE', 21, 2, 252),
(2022, 'STATE', 22, 2, 2),
(2022, 'STATE', 23, 2, 230),
(2022, 'STATE', 26, 2, 3),
(2022, 'STATE', 27, 2, 5),
(2022, 'STATE', 28, 2, 1),
(2022, 'STATE', 29, 2, 328),
(2022, 'STATE', 30, 2, 7),
(2022, 'STATE', 31, 2, 1),
(2022, 'STATE', 34, 2, 624),
(2022, 'STATE', 36, 2, 2),
(2022, 'STATE', 37, 2, 507),
(2022, 'STATE', 38, 2, 31),
(2022, 'STATE', 39, 2, 1),
(2022, 'STATE', 41, 2, 3),
(2022, 'STATE', 0, 2, 3),
(2022, 'STATE', 42, 2, 1),
(2022, 'STATE', 45, 2, 507),
(2022, 'STATE', 46, 2, 7),
(2022, 'STATE', 47, 2, 423),
(2022, 'STATE', 48, 2, 8),
(2022, 'STATE', 49, 2, 1),
(2022, 'STATE', 50, 2, 282),
(2022, 'STATE', 51, 2, 266),
(2022, 'STATE', 53, 2, 2),
(2022, 'STATE', 54, 2, 273),
(2022, 'STATE', 55, 2, 2),
(2022, 'STATE', 56, 2, 1),
(2021, 'STATE', 1, 2, 320),
(2021, 'STATE', 4, 2, 1),
(2021, 'STATE', 5, 2, 850),
(2021, 'STATE', 6, 2, 9),
(2021, 'STATE', 8, 2, 1),
(2021, 'STATE', 12, 2, 8),
(2021, 'STATE', 13, 2, 3),
(2021, 'STATE', 15, 2, 1),
(2021, 'STATE', 16, 2, 3),
(2021, 'STATE', 17, 2, 460),
(2021, 'STATE', 18, 2, 520),
(2021, 'STATE', 19, 2, 2),
(2021, 'STATE', 20, 2, 294),
(2021, 'STATE', 21, 2, 259),
(2021, 'STATE', 22, 2, 2),
(2021, 'STATE', 23, 2, 374),
(2021, 'STATE', 26, 2, 5),
(2021, 'STATE', 27, 2, 7),
(2021, 'STATE', 28, 2, 1),
(2021, 'STATE', 29, 2, 280),
(2021, 'STATE', 30, 2, 6),
(2021, 'STATE', 31, 2, 1),
(2021, 'STATE', 34, 2, 525),
(2021, 'STATE', 36, 2, 3),
(2021, 'STATE', 37, 2, 507),
(2021, 'STATE', 38, 2, 28),
(2021, 'STATE', 39, 2, 1),
(2021, 'STATE', 41, 2, 2),
(2021, 'STATE', 0, 2, 1),
(2021, 'STATE', 42, 2, 840),
(2021, 'STATE', 45, 2, 630),
(2021, 'STATE', 46, 2, 12),
(2021, 'STATE', 47, 2, 448),
(2021, 'STATE', 48, 2, 7),
(2021, 'STATE', 49, 2, 1),
(2021, 'STATE', 50, 2, 282),
(2021, 'STATE', 51, 2, 240),
(2021, 'STATE', 53, 2, 3),
(2021, 'STATE', 54, 2, 258),
(2021, 'STATE', 55, 2, 1),
(2021, 'STATE', 56, 2, 2),
(2020, 'STATE', 1, 2, 273),
(2020, 'STATE', 4, 2, 900),
(2020, 'STATE', 5, 2, 980),
(2020, 'STATE', 6, 2, 13),
(2020, 'STATE', 8, 2, 1),
(2020, 'STATE', 12, 2, 8),
(2020, 'STATE', 13, 2, 3),
(2020, 'STATE', 15, 2, 1),
(2020, 'STATE', 16, 2, 3),
(2020, 'STATE', 17, 2, 520),
(2020, 'STATE', 18, 2, 495),
(2020, 'STATE', 19, 2, 2),
(2020, 'STATE', 20, 2, 496),
(2020, 'STATE', 21, 2, 231),
(2020, 'STATE', 22, 2, 2),
(2020, 'STATE', 23, 2, 300),
(2020, 'STATE', 26, 2, 4),
(2020, 'STATE', 27, 2, 5);

-- --------------------------------------------------------

--
-- Struktur dari tabel `milk_production`
--

CREATE TABLE `milk_production` (
  `Year` int(11) DEFAULT NULL,
  `Period` text DEFAULT NULL,
  `Geo_Level` text DEFAULT NULL,
  `State_ANSI` int(11) DEFAULT NULL,
  `Commodity_ID` int(11) DEFAULT NULL,
  `Domain` text DEFAULT NULL,
  `Value` int(11) DEFAULT NULL
) ENGINE=InnoDB DEFAULT CHARSET=utf8mb4 COLLATE=utf8mb4_general_ci;

--
-- Dumping data untuk tabel `milk_production`
--

INSERT INTO `milk_production` (`Year`, `Period`, `Geo_Level`, `State_ANSI`, `Commodity_ID`, `Domain`, `Value`) VALUES
(2023, 'APR', 'STATE', 4, 5, 'TOTAL', 428),
(2023, 'APR', 'STATE', 6, 5, 'TOTAL', 3),
(2023, 'APR', 'STATE', 8, 5, 'TOTAL', 444),
(2023, 'APR', 'STATE', 12, 5, 'TOTAL', 166),
(2023, 'APR', 'STATE', 13, 5, 'TOTAL', 180),
(2023, 'APR', 'STATE', 16, 5, 'TOTAL', 1),
(2023, 'APR', 'STATE', 17, 5, 'TOTAL', 147),
(2023, 'APR', 'STATE', 18, 5, 'TOTAL', 380),
(2023, 'APR', 'STATE', 19, 5, 'TOTAL', 494),
(2023, 'APR', 'STATE', 20, 5, 'TOTAL', 360),
(2023, 'APR', 'STATE', 26, 5, 'TOTAL', 1),
(2023, 'APR', 'STATE', 27, 5, 'TOTAL', 883),
(2023, 'APR', 'STATE', 35, 5, 'TOTAL', 602),
(2023, 'APR', 'STATE', 36, 5, 'TOTAL', 1),
(2023, 'APR', 'STATE', 39, 5, 'TOTAL', 473),
(2023, 'APR', 'STATE', 41, 5, 'TOTAL', 221),
(2023, 'APR', 'STATE', 42, 5, 'TOTAL', 855),
(2023, 'APR', 'STATE', 46, 5, 'TOTAL', 358),
(2023, 'APR', 'STATE', 48, 5, 'TOTAL', 1),
(2023, 'APR', 'STATE', 49, 5, 'TOTAL', 178),
(2023, 'APR', 'STATE', 50, 5, 'TOTAL', 215),
(2023, 'APR', 'STATE', 51, 5, 'TOTAL', 121),
(2023, 'APR', 'STATE', 53, 5, 'TOTAL', 531),
(2023, 'APR', 'STATE', 55, 5, 'TOTAL', 2),
(2023, 'FEB', 'STATE', 4, 5, 'TOTAL', 388),
(2023, 'FEB', 'STATE', 6, 5, 'TOTAL', 3),
(2023, 'FEB', 'STATE', 8, 5, 'TOTAL', 401),
(2023, 'FEB', 'STATE', 12, 5, 'TOTAL', 156),
(2023, 'FEB', 'STATE', 13, 5, 'TOTAL', 169),
(2023, 'FEB', 'STATE', 16, 5, 'TOTAL', 1),
(2023, 'FEB', 'STATE', 17, 5, 'TOTAL', 135),
(2023, 'FEB', 'STATE', 18, 5, 'TOTAL', 349),
(2023, 'FEB', 'STATE', 19, 5, 'TOTAL', 460),
(2023, 'FEB', 'STATE', 20, 5, 'TOTAL', 329),
(2023, 'FEB', 'STATE', 26, 5, 'TOTAL', 929),
(2023, 'FEB', 'STATE', 27, 5, 'TOTAL', 817),
(2023, 'FEB', 'STATE', 35, 5, 'TOTAL', 547),
(2023, 'FEB', 'STATE', 36, 5, 'TOTAL', 1),
(2023, 'FEB', 'STATE', 39, 5, 'TOTAL', 436),
(2023, 'FEB', 'STATE', 41, 5, 'TOTAL', 201),
(2023, 'FEB', 'STATE', 42, 5, 'TOTAL', 781),
(2023, 'FEB', 'STATE', 46, 5, 'TOTAL', 331),
(2023, 'FEB', 'STATE', 48, 5, 'TOTAL', 1),
(2023, 'FEB', 'STATE', 49, 5, 'TOTAL', 163),
(2023, 'FEB', 'STATE', 50, 5, 'TOTAL', 196),
(2023, 'FEB', 'STATE', 51, 5, 'TOTAL', 112),
(2023, 'FEB', 'STATE', 53, 5, 'TOTAL', 479),
(2023, 'FEB', 'STATE', 55, 5, 'TOTAL', 2),
(2023, 'JAN', 'STATE', 4, 5, 'TOTAL', 410),
(2023, 'JAN', 'STATE', 6, 5, 'TOTAL', 3),
(2023, 'JAN', 'STATE', 8, 5, 'TOTAL', 441),
(2023, 'JAN', 'STATE', 12, 5, 'TOTAL', 159),
(2023, 'JAN', 'STATE', 13, 5, 'TOTAL', 183),
(2023, 'JAN', 'STATE', 16, 5, 'TOTAL', 1),
(2023, 'JAN', 'STATE', 17, 5, 'TOTAL', 146),
(2023, 'JAN', 'STATE', 18, 5, 'TOTAL', 382),
(2023, 'JAN', 'STATE', 19, 5, 'TOTAL', 503),
(2023, 'JAN', 'STATE', 20, 5, 'TOTAL', 357),
(2023, 'JAN', 'STATE', 26, 5, 'TOTAL', 1),
(2023, 'JAN', 'STATE', 27, 5, 'TOTAL', 899),
(2023, 'JAN', 'STATE', 35, 5, 'TOTAL', 608),
(2023, 'JAN', 'STATE', 36, 5, 'TOTAL', 1),
(2023, 'JAN', 'STATE', 39, 5, 'TOTAL', 473),
(2023, 'JAN', 'STATE', 41, 5, 'TOTAL', 218),
(2023, 'JAN', 'STATE', 42, 5, 'TOTAL', 848),
(2023, 'JAN', 'STATE', 46, 5, 'TOTAL', 360),
(2023, 'JAN', 'STATE', 48, 5, 'TOTAL', 1),
(2023, 'JAN', 'STATE', 49, 5, 'TOTAL', 178),
(2023, 'JAN', 'STATE', 50, 5, 'TOTAL', 218),
(2023, 'JAN', 'STATE', 51, 5, 'TOTAL', 121),
(2023, 'JAN', 'STATE', 53, 5, 'TOTAL', 518),
(2023, 'JAN', 'STATE', 55, 5, 'TOTAL', 2),
(2023, 'MAR', 'STATE', 4, 5, 'TOTAL', 440),
(2023, 'MAR', 'STATE', 6, 5, 'TOTAL', 3),
(2023, 'MAR', 'STATE', 8, 5, 'TOTAL', 453),
(2023, 'MAR', 'STATE', 12, 5, 'TOTAL', 175),
(2023, 'MAR', 'STATE', 13, 5, 'TOTAL', 188),
(2023, 'MAR', 'STATE', 16, 5, 'TOTAL', 1),
(2023, 'MAR', 'STATE', 17, 5, 'TOTAL', 152),
(2023, 'MAR', 'STATE', 18, 5, 'TOTAL', 393),
(2023, 'MAR', 'STATE', 19, 5, 'TOTAL', 511),
(2023, 'MAR', 'STATE', 20, 5, 'TOTAL', 372),
(2023, 'MAR', 'STATE', 26, 5, 'TOTAL', 1),
(2023, 'MAR', 'STATE', 27, 5, 'TOTAL', 903),
(2023, 'MAR', 'STATE', 35, 5, 'TOTAL', 624),
(2023, 'MAR', 'STATE', 36, 5, 'TOTAL', 1),
(2023, 'MAR', 'STATE', 39, 5, 'TOTAL', 490),
(2023, 'MAR', 'STATE', 41, 5, 'TOTAL', 229),
(2023, 'MAR', 'STATE', 42, 5, 'TOTAL', 871),
(2023, 'MAR', 'STATE', 46, 5, 'TOTAL', 367),
(2023, 'MAR', 'STATE', 48, 5, 'TOTAL', 1),
(2023, 'MAR', 'STATE', 49, 5, 'TOTAL', 180),
(2023, 'MAR', 'STATE', 50, 5, 'TOTAL', 219),
(2023, 'MAR', 'STATE', 51, 5, 'TOTAL', 125),
(2023, 'MAR', 'STATE', 53, 5, 'TOTAL', 541),
(2023, 'MAR', 'STATE', 55, 5, 'TOTAL', 2),
(2023, 'MAY', 'STATE', 4, 5, 'TOTAL', 427),
(2023, 'MAY', 'STATE', 6, 5, 'TOTAL', 3),
(2023, 'MAY', 'STATE', 8, 5, 'TOTAL', 458),
(2023, 'MAY', 'STATE', 12, 5, 'TOTAL', 168),
(2023, 'MAY', 'STATE', 13, 5, 'TOTAL', 178),
(2023, 'MAY', 'STATE', 16, 5, 'TOTAL', 1),
(2023, 'MAY', 'STATE', 17, 5, 'TOTAL', 153),
(2023, 'MAY', 'STATE', 18, 5, 'TOTAL', 391),
(2023, 'MAY', 'STATE', 19, 5, 'TOTAL', 510),
(2023, 'MAY', 'STATE', 20, 5, 'TOTAL', 373),
(2023, 'MAY', 'STATE', 26, 5, 'TOTAL', 1),
(2023, 'MAY', 'STATE', 27, 5, 'TOTAL', 917),
(2023, 'MAY', 'STATE', 35, 5, 'TOTAL', 608);

-- --------------------------------------------------------

--
-- Struktur dari tabel `state_lookup`
--

CREATE TABLE `state_lookup` (
  `State` text DEFAULT NULL,
  `State_ANSI` int(11) DEFAULT NULL
) ENGINE=InnoDB DEFAULT CHARSET=utf8mb4 COLLATE=utf8mb4_general_ci;

--
-- Dumping data untuk tabel `state_lookup`
--

INSERT INTO `state_lookup` (`State`, `State_ANSI`) VALUES
('State', 0),
('ALABAMA', 1),
('ALASKA', 2),
('ARIZONA', 4),
('ARKANSAS', 5),
('CALIFORNIA', 6),
('COLORADO', 8),
('CONNECTICUT', 9),
('DELAWARE', 10),
('FLORIDA', 12),
('GEORGIA', 13),
('HAWAII', 15),
('IDAHO', 16),
('ILLINOIS', 17),
('INDIANA', 18),
('IOWA', 19),
('KANSAS', 20),
('KENTUCKY', 21),
('LOUISIANA', 22),
('MAINE', 23),
('MARYLAND', 24),
('MASSACHUSETTS', 25),
('MICHIGAN', 26),
('MINNESOTA', 27),
('MISSISSIPPI', 28),
('MISSOURI', 29),
('MONTANA', 30),
('NEBRASKA', 31),
('NEVADA', 32),
('NEW HAMPSHIRE', 33),
('NEW JERSEY', 34),
('NEW MEXICO', 35),
('NEW YORK', 36),
('NORTH CAROLINA', 37),
('NORTH DAKOTA', 38),
('OHIO', 39),
('OKLAHOMA', 40),
('OREGON', 41),
('PENNSYLVANIA', 42),
('RHODE ISLAND', 44),
('SOUTH CAROLINA', 45),
('SOUTH DAKOTA', 46),
('TENNESSEE', 47),
('TEXAS', 48),
('UTAH', 49),
('VERMONT', 50),
('VIRGINIA', 51),
('WASHINGTON', 53),
('WEST VIRGINIA', 54),
('WISCONSIN', 55),
('WYOMING', 56),
('State', 0),
('ALABAMA', 1),
('ALASKA', 2),
('ARIZONA', 4),
('ARKANSAS', 5),
('CALIFORNIA', 6),
('COLORADO', 8),
('CONNECTICUT', 9),
('DELAWARE', 10),
('FLORIDA', 12),
('GEORGIA', 13),
('HAWAII', 15),
('IDAHO', 16),
('ILLINOIS', 17),
('INDIANA', 18),
('IOWA', 19),
('KANSAS', 20),
('KENTUCKY', 21),
('LOUISIANA', 22),
('MAINE', 23),
('MARYLAND', 24),
('MASSACHUSETTS', 25),
('MICHIGAN', 26),
('MINNESOTA', 27),
('MISSISSIPPI', 28),
('MISSOURI', 29),
('MONTANA', 30),
('NEBRASKA', 31),
('NEVADA', 32),
('NEW HAMPSHIRE', 33),
('NEW JERSEY', 34),
('NEW MEXICO', 35),
('NEW YORK', 36),
('NORTH CAROLINA', 37),
('NORTH DAKOTA', 38),
('OHIO', 39),
('OKLAHOMA', 40),
('OREGON', 41),
('PENNSYLVANIA', 42),
('RHODE ISLAND', 44),
('SOUTH CAROLINA', 45),
('SOUTH DAKOTA', 46),
('TENNESSEE', 47),
('TEXAS', 48),
('UTAH', 49),
('VERMONT', 50),
('VIRGINIA', 51),
('WASHINGTON', 53),
('WEST VIRGINIA', 54),
('WISCONSIN', 55),
('WYOMING', 56);

-- --------------------------------------------------------

--
-- Struktur dari tabel `yogurt_production`
--

CREATE TABLE `yogurt_production` (
  ` Year` int(11) DEFAULT NULL,
  `Period` text DEFAULT NULL,
  `Geo_Level` text DEFAULT NULL,
  `State_ANSI` int(11) DEFAULT NULL,
  `Commodity_ID` int(11) DEFAULT NULL,
  `Domain` text DEFAULT NULL,
  `Value` int(11) DEFAULT NULL
) ENGINE=InnoDB DEFAULT CHARSET=utf8mb4 COLLATE=utf8mb4_general_ci;

--
-- Dumping data untuk tabel `yogurt_production`
--

INSERT INTO `yogurt_production` (` Year`, `Period`, `Geo_Level`, `State_ANSI`, `Commodity_ID`, `Domain`, `Value`) VALUES
(2022, 'YEAR', 'STATE', 6, 4, 'TOTAL', 377),
(2022, 'YEAR', 'STATE', 36, 4, 'TOTAL', 793),
(2021, 'YEAR', 'STATE', 6, 4, 'TOTAL', 374),
(2021, 'YEAR', 'STATE', 36, 4, 'TOTAL', 774),
(2020, 'YEAR', 'STATE', 6, 4, 'TOTAL', 354),
(2020, 'YEAR', 'STATE', 36, 4, 'TOTAL', 722),
(2019, 'YEAR', 'STATE', 6, 4, 'TOTAL', 373),
(2019, 'YEAR', 'STATE', 36, 4, 'TOTAL', 679),
(2019, 'YEAR', 'STATE', 48, 4, 'TOTAL', 37),
(2018, 'YEAR', 'STATE', 6, 4, 'TOTAL', 415),
(2018, 'YEAR', 'STATE', 36, 4, 'TOTAL', 691),
(2018, 'YEAR', 'STATE', 41, 4, 'TOTAL', 41),
(2018, 'YEAR', 'STATE', 48, 4, 'TOTAL', 31),
(2017, 'YEAR', 'STATE', 6, 4, 'TOTAL', 442),
(2017, 'YEAR', 'STATE', 36, 4, 'TOTAL', 706),
(2017, 'YEAR', 'STATE', 41, 4, 'TOTAL', 49),
(2017, 'YEAR', 'STATE', 48, 4, 'TOTAL', 34),
(2016, 'YEAR', 'STATE', 6, 4, 'TOTAL', 394),
(2016, 'YEAR', 'STATE', 36, 4, 'TOTAL', 676),
(2016, 'YEAR', 'STATE', 41, 4, 'TOTAL', 52),
(2016, 'YEAR', 'STATE', 48, 4, 'TOTAL', 50),
(2015, 'YEAR', 'STATE', 6, 4, 'TOTAL', 465),
(2015, 'YEAR', 'STATE', 36, 4, 'TOTAL', 669),
(2015, 'YEAR', 'STATE', 41, 4, 'TOTAL', 55),
(2015, 'YEAR', 'STATE', 48, 4, 'TOTAL', 94),
(2014, 'YEAR', 'STATE', 6, 4, 'TOTAL', 0),
(2014, 'YEAR', 'STATE', 36, 4, 'TOTAL', 663),
(2014, 'YEAR', 'STATE', 41, 4, 'TOTAL', 59),
(2014, 'YEAR', 'STATE', 48, 4, 'TOTAL', 0),
(2009, 'YEAR', 'STATE', 6, 4, 'TOTAL', 620),
(2009, 'YEAR', 'STATE', 36, 4, 'TOTAL', 251),
(2009, 'YEAR', 'STATE', 47, 4, 'TOTAL', 284),
(2009, 'YEAR', 'STATE', 49, 4, 'TOTAL', 244),
(2009, 'YEAR', 'STATE', 55, 4, 'TOTAL', 173),
(2008, 'YEAR', 'STATE', 6, 4, 'TOTAL', 581),
(2008, 'YEAR', 'STATE', 36, 4, 'TOTAL', 224),
(2008, 'YEAR', 'STATE', 47, 4, 'TOTAL', 258),
(2008, 'YEAR', 'STATE', 49, 4, 'TOTAL', 208),
(2008, 'YEAR', 'STATE', 55, 4, 'TOTAL', 162),
(2007, 'YEAR', 'STATE', 6, 4, 'TOTAL', 559),
(2007, 'YEAR', 'STATE', 19, 4, 'TOTAL', 21),
(2007, 'YEAR', 'STATE', 36, 4, 'TOTAL', 234),
(2007, 'YEAR', 'STATE', 47, 4, 'TOTAL', 193),
(2007, 'YEAR', 'STATE', 49, 4, 'TOTAL', 140),
(2007, 'YEAR', 'STATE', 55, 4, 'TOTAL', 147),
(2006, 'YEAR', 'STATE', 6, 4, 'TOTAL', 543),
(2006, 'YEAR', 'STATE', 19, 4, 'TOTAL', 25),
(2006, 'YEAR', 'STATE', 36, 4, 'TOTAL', 236),
(2006, 'YEAR', 'STATE', 47, 4, 'TOTAL', 155),
(2006, 'YEAR', 'STATE', 49, 4, 'TOTAL', 163),
(2006, 'YEAR', 'STATE', 55, 4, 'TOTAL', 144),
(2005, 'YEAR', 'STATE', 6, 4, 'TOTAL', 511),
(2005, 'YEAR', 'STATE', 19, 4, 'TOTAL', 17),
(2005, 'YEAR', 'STATE', 36, 4, 'TOTAL', 232),
(2005, 'YEAR', 'STATE', 42, 4, 'TOTAL', 931),
(2005, 'YEAR', 'STATE', 47, 4, 'TOTAL', 99),
(2005, 'YEAR', 'STATE', 49, 4, 'TOTAL', 171),
(2005, 'YEAR', 'STATE', 55, 4, 'TOTAL', 124),
(2004, 'YEAR', 'STATE', 6, 4, 'TOTAL', 454),
(2004, 'YEAR', 'STATE', 19, 4, 'TOTAL', 13),
(2004, 'YEAR', 'STATE', 36, 4, 'TOTAL', 227),
(2004, 'YEAR', 'STATE', 42, 4, 'TOTAL', 807),
(2004, 'YEAR', 'STATE', 47, 4, 'TOTAL', 38),
(2004, 'YEAR', 'STATE', 49, 4, 'TOTAL', 165),
(2004, 'YEAR', 'STATE', 55, 4, 'TOTAL', 98),
(2003, 'YEAR', 'STATE', 6, 4, 'TOTAL', 479),
(2003, 'YEAR', 'STATE', 19, 4, 'TOTAL', 13),
(2003, 'YEAR', 'STATE', 36, 4, 'TOTAL', 261),
(2003, 'YEAR', 'STATE', 42, 4, 'TOTAL', 687),
(2003, 'YEAR', 'STATE', 49, 4, 'TOTAL', 122),
(2003, 'YEAR', 'STATE', 55, 4, 'TOTAL', 81),
(2002, 'YEAR', 'STATE', 6, 4, 'TOTAL', 454),
(2002, 'YEAR', 'STATE', 17, 4, 'TOTAL', 14),
(2002, 'YEAR', 'STATE', 19, 4, 'TOTAL', 12),
(2002, 'YEAR', 'STATE', 36, 4, 'TOTAL', 247),
(2002, 'YEAR', 'STATE', 55, 4, 'TOTAL', 71),
(2001, 'YEAR', 'STATE', 6, 4, 'TOTAL', 264),
(2001, 'YEAR', 'STATE', 17, 4, 'TOTAL', 12),
(2001, 'YEAR', 'STATE', 36, 4, 'TOTAL', 252),
(2001, 'YEAR', 'STATE', 55, 4, 'TOTAL', 77),
(2000, 'YEAR', 'STATE', 6, 4, 'TOTAL', 257),
(2000, 'YEAR', 'STATE', 17, 4, 'TOTAL', 11),
(2000, 'YEAR', 'STATE', 36, 4, 'TOTAL', 247),
(2000, 'YEAR', 'STATE', 55, 4, 'TOTAL', 77),
(1999, 'YEAR', 'STATE', 6, 4, 'TOTAL', 238),
(1999, 'YEAR', 'STATE', 17, 4, 'TOTAL', 10),
(1999, 'YEAR', 'STATE', 36, 4, 'TOTAL', 250),
(1999, 'YEAR', 'STATE', 55, 4, 'TOTAL', 66),
(1998, 'YEAR', 'STATE', 6, 4, 'TOTAL', 200),
(1998, 'YEAR', 'STATE', 17, 4, 'TOTAL', 16),
(1998, 'YEAR', 'STATE', 36, 4, 'TOTAL', 233),
(1998, 'YEAR', 'STATE', 38, 4, 'TOTAL', 23),
(1998, 'YEAR', 'STATE', 55, 4, 'TOTAL', 63),
(1997, 'YEAR', 'STATE', 6, 4, 'TOTAL', 189),
(1997, 'YEAR', 'STATE', 17, 4, 'TOTAL', 13),
(1997, 'YEAR', 'STATE', 36, 4, 'TOTAL', 203),
(1997, 'YEAR', 'STATE', 38, 4, 'TOTAL', 28),
(1997, 'YEAR', 'STATE', 47, 4, 'TOTAL', 405),
(1996, 'YEAR', 'STATE', 6, 4, 'TOTAL', 196),
(1996, 'YEAR', 'STATE', 17, 4, 'TOTAL', 15),
(1996, 'YEAR', 'STATE', 36, 4, 'TOTAL', 208),
(1996, 'YEAR', 'STATE', 38, 4, 'TOTAL', 28),
(1996, 'YEAR', 'STATE', 55, 4, 'TOTAL', 31),
(1995, 'YEAR', 'STATE', 6, 4, 'TOTAL', 251),
(1995, 'YEAR', 'STATE', 8, 4, 'TOTAL', 25),
(1995, 'YEAR', 'STATE', 17, 4, 'TOTAL', 18),
(1995, 'YEAR', 'STATE', 36, 4, 'TOTAL', 231),
(1995, 'YEAR', 'STATE', 38, 4, 'TOTAL', 26),
(1995, 'YEAR', 'STATE', 47, 4, 'TOTAL', 169),
(1995, 'YEAR', 'STATE', 55, 4, 'TOTAL', 25),
(1994, 'YEAR', 'STATE', 6, 4, 'TOTAL', 286),
(1994, 'YEAR', 'STATE', 8, 4, 'TOTAL', 28),
(1994, 'YEAR', 'STATE', 17, 4, 'TOTAL', 18),
(1994, 'YEAR', 'STATE', 36, 4, 'TOTAL', 229),
(1994, 'YEAR', 'STATE', 37, 4, 'TOTAL', 4),
(1994, 'YEAR', 'STATE', 38, 4, 'TOTAL', 28),
(1994, 'YEAR', 'STATE', 55, 4, 'TOTAL', 21),
(1993, 'YEAR', 'STATE', 6, 4, 'TOTAL', 284),
(1993, 'YEAR', 'STATE', 8, 4, 'TOTAL', 27),
(1993, 'YEAR', 'STATE', 17, 4, 'TOTAL', 15),
(1993, 'YEAR', 'STATE', 36, 4, 'TOTAL', 207),
(1993, 'YEAR', 'STATE', 37, 4, 'TOTAL', 4),
(1993, 'YEAR', 'STATE', 38, 4, 'TOTAL', 25),
(1993, 'YEAR', 'STATE', 48, 4, 'TOTAL', 31),
(1993, 'YEAR', 'STATE', 55, 4, 'TOTAL', 21),
(1992, 'YEAR', 'STATE', 6, 4, 'TOTAL', 237),
(1992, 'YEAR', 'STATE', 8, 4, 'TOTAL', 27),
(1992, 'YEAR', 'STATE', 12, 4, 'TOTAL', 8),
(1992, 'YEAR', 'STATE', 17, 4, 'TOTAL', 15),
(1992, 'YEAR', 'STATE', 26, 4, 'TOTAL', 105),
(1992, 'YEAR', 'STATE', 36, 4, 'TOTAL', 200),
(1992, 'YEAR', 'STATE', 37, 4, 'TOTAL', 3),
(1992, 'YEAR', 'STATE', 48, 4, 'TOTAL', 29),
(1991, 'YEAR', 'STATE', 6, 4, 'TOTAL', 232),
(1991, 'YEAR', 'STATE', 12, 4, 'TOTAL', 9),
(1991, 'YEAR', 'STATE', 17, 4, 'TOTAL', 11),
(1991, 'YEAR', 'STATE', 19, 4, 'TOTAL', 7),
(1991, 'YEAR', 'STATE', 36, 4, 'TOTAL', 185),
(1991, 'YEAR', 'STATE', 37, 4, 'TOTAL', 3),
(1991, 'YEAR', 'STATE', 42, 4, 'TOTAL', 3),
(1991, 'YEAR', 'STATE', 48, 4, 'TOTAL', 24),
(1991, 'YEAR', 'STATE', 55, 4, 'TOTAL', 11),
(1990, 'YEAR', 'STATE', 6, 4, 'TOTAL', 233),
(1990, 'YEAR', 'STATE', 17, 4, 'TOTAL', 10),
(1990, 'YEAR', 'STATE', 19, 4, 'TOTAL', 11),
(1990, 'YEAR', 'STATE', 36, 4, 'TOTAL', 189),
(1990, 'YEAR', 'STATE', 37, 4, 'TOTAL', 2),
(1990, 'YEAR', 'STATE', 48, 4, 'TOTAL', 18),
(1990, 'YEAR', 'STATE', 55, 4, 'TOTAL', 10),
(2022, 'YEAR', 'STATE', 6, 4, 'TOTAL', 377),
(2022, 'YEAR', 'STATE', 36, 4, 'TOTAL', 793),
(2021, 'YEAR', 'STATE', 6, 4, 'TOTAL', 374),
(2021, 'YEAR', 'STATE', 36, 4, 'TOTAL', 774),
(2020, 'YEAR', 'STATE', 6, 4, 'TOTAL', 354),
(2020, 'YEAR', 'STATE', 36, 4, 'TOTAL', 722),
(2019, 'YEAR', 'STATE', 6, 4, 'TOTAL', 373),
(2019, 'YEAR', 'STATE', 36, 4, 'TOTAL', 679),
(2019, 'YEAR', 'STATE', 48, 4, 'TOTAL', 37),
(2018, 'YEAR', 'STATE', 6, 4, 'TOTAL', 415),
(2018, 'YEAR', 'STATE', 36, 4, 'TOTAL', 691),
(2018, 'YEAR', 'STATE', 41, 4, 'TOTAL', 41),
(2018, 'YEAR', 'STATE', 48, 4, 'TOTAL', 31),
(2017, 'YEAR', 'STATE', 6, 4, 'TOTAL', 442),
(2017, 'YEAR', 'STATE', 36, 4, 'TOTAL', 706),
(2017, 'YEAR', 'STATE', 41, 4, 'TOTAL', 49),
(2017, 'YEAR', 'STATE', 48, 4, 'TOTAL', 34),
(2016, 'YEAR', 'STATE', 6, 4, 'TOTAL', 394),
(2016, 'YEAR', 'STATE', 36, 4, 'TOTAL', 676),
(2016, 'YEAR', 'STATE', 41, 4, 'TOTAL', 52),
(2016, 'YEAR', 'STATE', 48, 4, 'TOTAL', 50),
(2015, 'YEAR', 'STATE', 6, 4, 'TOTAL', 465),
(2015, 'YEAR', 'STATE', 36, 4, 'TOTAL', 669),
(2015, 'YEAR', 'STATE', 41, 4, 'TOTAL', 55),
(2015, 'YEAR', 'STATE', 48, 4, 'TOTAL', 94),
(2014, 'YEAR', 'STATE', 6, 4, 'TOTAL', 0),
(2014, 'YEAR', 'STATE', 36, 4, 'TOTAL', 663),
(2014, 'YEAR', 'STATE', 41, 4, 'TOTAL', 59),
(2014, 'YEAR', 'STATE', 48, 4, 'TOTAL', 0),
(2009, 'YEAR', 'STATE', 6, 4, 'TOTAL', 620),
(2009, 'YEAR', 'STATE', 36, 4, 'TOTAL', 251),
(2009, 'YEAR', 'STATE', 47, 4, 'TOTAL', 284),
(2009, 'YEAR', 'STATE', 49, 4, 'TOTAL', 244),
(2009, 'YEAR', 'STATE', 55, 4, 'TOTAL', 173),
(2008, 'YEAR', 'STATE', 6, 4, 'TOTAL', 581),
(2008, 'YEAR', 'STATE', 36, 4, 'TOTAL', 224),
(2008, 'YEAR', 'STATE', 47, 4, 'TOTAL', 258),
(2008, 'YEAR', 'STATE', 49, 4, 'TOTAL', 208),
(2008, 'YEAR', 'STATE', 55, 4, 'TOTAL', 162),
(2007, 'YEAR', 'STATE', 6, 4, 'TOTAL', 559),
(2007, 'YEAR', 'STATE', 19, 4, 'TOTAL', 21),
(2007, 'YEAR', 'STATE', 36, 4, 'TOTAL', 234),
(2007, 'YEAR', 'STATE', 47, 4, 'TOTAL', 193),
(2007, 'YEAR', 'STATE', 49, 4, 'TOTAL', 140),
(2007, 'YEAR', 'STATE', 55, 4, 'TOTAL', 147),
(2006, 'YEAR', 'STATE', 6, 4, 'TOTAL', 543),
(2006, 'YEAR', 'STATE', 19, 4, 'TOTAL', 25),
(2006, 'YEAR', 'STATE', 36, 4, 'TOTAL', 236),
(2006, 'YEAR', 'STATE', 47, 4, 'TOTAL', 155),
(2006, 'YEAR', 'STATE', 49, 4, 'TOTAL', 163),
(2006, 'YEAR', 'STATE', 55, 4, 'TOTAL', 144),
(2005, 'YEAR', 'STATE', 6, 4, 'TOTAL', 511),
(2005, 'YEAR', 'STATE', 19, 4, 'TOTAL', 17),
(2005, 'YEAR', 'STATE', 36, 4, 'TOTAL', 232),
(2005, 'YEAR', 'STATE', 42, 4, 'TOTAL', 931),
(2005, 'YEAR', 'STATE', 47, 4, 'TOTAL', 99),
(2005, 'YEAR', 'STATE', 49, 4, 'TOTAL', 171),
(2005, 'YEAR', 'STATE', 55, 4, 'TOTAL', 124),
(2004, 'YEAR', 'STATE', 6, 4, 'TOTAL', 454),
(2004, 'YEAR', 'STATE', 19, 4, 'TOTAL', 13),
(2004, 'YEAR', 'STATE', 36, 4, 'TOTAL', 227),
(2004, 'YEAR', 'STATE', 42, 4, 'TOTAL', 807),
(2004, 'YEAR', 'STATE', 47, 4, 'TOTAL', 38),
(2004, 'YEAR', 'STATE', 49, 4, 'TOTAL', 165),
(2004, 'YEAR', 'STATE', 55, 4, 'TOTAL', 98),
(2003, 'YEAR', 'STATE', 6, 4, 'TOTAL', 479),
(2003, 'YEAR', 'STATE', 19, 4, 'TOTAL', 13),
(2003, 'YEAR', 'STATE', 36, 4, 'TOTAL', 261),
(2003, 'YEAR', 'STATE', 42, 4, 'TOTAL', 687),
(2003, 'YEAR', 'STATE', 49, 4, 'TOTAL', 122),
(2003, 'YEAR', 'STATE', 55, 4, 'TOTAL', 81),
(2002, 'YEAR', 'STATE', 6, 4, 'TOTAL', 454),
(2002, 'YEAR', 'STATE', 17, 4, 'TOTAL', 14),
(2002, 'YEAR', 'STATE', 19, 4, 'TOTAL', 12),
(2002, 'YEAR', 'STATE', 36, 4, 'TOTAL', 247),
(2002, 'YEAR', 'STATE', 55, 4, 'TOTAL', 71),
(2001, 'YEAR', 'STATE', 6, 4, 'TOTAL', 264),
(2001, 'YEAR', 'STATE', 17, 4, 'TOTAL', 12),
(2001, 'YEAR', 'STATE', 36, 4, 'TOTAL', 252),
(2001, 'YEAR', 'STATE', 55, 4, 'TOTAL', 77),
(2000, 'YEAR', 'STATE', 6, 4, 'TOTAL', 257),
(2000, 'YEAR', 'STATE', 17, 4, 'TOTAL', 11),
(2000, 'YEAR', 'STATE', 36, 4, 'TOTAL', 247),
(2000, 'YEAR', 'STATE', 55, 4, 'TOTAL', 77),
(1999, 'YEAR', 'STATE', 6, 4, 'TOTAL', 238),
(1999, 'YEAR', 'STATE', 17, 4, 'TOTAL', 10),
(1999, 'YEAR', 'STATE', 36, 4, 'TOTAL', 250),
(1999, 'YEAR', 'STATE', 55, 4, 'TOTAL', 66),
(1998, 'YEAR', 'STATE', 6, 4, 'TOTAL', 200),
(1998, 'YEAR', 'STATE', 17, 4, 'TOTAL', 16),
(1998, 'YEAR', 'STATE', 36, 4, 'TOTAL', 233),
(1998, 'YEAR', 'STATE', 38, 4, 'TOTAL', 23),
(1998, 'YEAR', 'STATE', 55, 4, 'TOTAL', 63),
(1997, 'YEAR', 'STATE', 6, 4, 'TOTAL', 189),
(1997, 'YEAR', 'STATE', 17, 4, 'TOTAL', 13),
(1997, 'YEAR', 'STATE', 36, 4, 'TOTAL', 203),
(1997, 'YEAR', 'STATE', 38, 4, 'TOTAL', 28),
(1997, 'YEAR', 'STATE', 47, 4, 'TOTAL', 405),
(1996, 'YEAR', 'STATE', 6, 4, 'TOTAL', 196),
(1996, 'YEAR', 'STATE', 17, 4, 'TOTAL', 15),
(1996, 'YEAR', 'STATE', 36, 4, 'TOTAL', 208),
(1996, 'YEAR', 'STATE', 38, 4, 'TOTAL', 28),
(1996, 'YEAR', 'STATE', 55, 4, 'TOTAL', 31),
(1995, 'YEAR', 'STATE', 6, 4, 'TOTAL', 251),
(1995, 'YEAR', 'STATE', 8, 4, 'TOTAL', 25),
(1995, 'YEAR', 'STATE', 17, 4, 'TOTAL', 18),
(1995, 'YEAR', 'STATE', 36, 4, 'TOTAL', 231),
(1995, 'YEAR', 'STATE', 38, 4, 'TOTAL', 26),
(1995, 'YEAR', 'STATE', 47, 4, 'TOTAL', 169),
(1995, 'YEAR', 'STATE', 55, 4, 'TOTAL', 25),
(1994, 'YEAR', 'STATE', 6, 4, 'TOTAL', 286),
(1994, 'YEAR', 'STATE', 8, 4, 'TOTAL', 28),
(1994, 'YEAR', 'STATE', 17, 4, 'TOTAL', 18),
(1994, 'YEAR', 'STATE', 36, 4, 'TOTAL', 229),
(1994, 'YEAR', 'STATE', 37, 4, 'TOTAL', 4),
(1994, 'YEAR', 'STATE', 38, 4, 'TOTAL', 28),
(1994, 'YEAR', 'STATE', 55, 4, 'TOTAL', 21),
(1993, 'YEAR', 'STATE', 6, 4, 'TOTAL', 284),
(1993, 'YEAR', 'STATE', 8, 4, 'TOTAL', 27),
(1993, 'YEAR', 'STATE', 17, 4, 'TOTAL', 15),
(1993, 'YEAR', 'STATE', 36, 4, 'TOTAL', 207),
(1993, 'YEAR', 'STATE', 37, 4, 'TOTAL', 4),
(1993, 'YEAR', 'STATE', 38, 4, 'TOTAL', 25),
(1993, 'YEAR', 'STATE', 48, 4, 'TOTAL', 31),
(1993, 'YEAR', 'STATE', 55, 4, 'TOTAL', 21),
(1992, 'YEAR', 'STATE', 6, 4, 'TOTAL', 237),
(1992, 'YEAR', 'STATE', 8, 4, 'TOTAL', 27),
(1992, 'YEAR', 'STATE', 12, 4, 'TOTAL', 8),
(1992, 'YEAR', 'STATE', 17, 4, 'TOTAL', 15),
(1992, 'YEAR', 'STATE', 26, 4, 'TOTAL', 105),
(1992, 'YEAR', 'STATE', 36, 4, 'TOTAL', 200),
(1992, 'YEAR', 'STATE', 37, 4, 'TOTAL', 3),
(1992, 'YEAR', 'STATE', 48, 4, 'TOTAL', 29),
(1991, 'YEAR', 'STATE', 6, 4, 'TOTAL', 232),
(1991, 'YEAR', 'STATE', 12, 4, 'TOTAL', 9),
(1991, 'YEAR', 'STATE', 17, 4, 'TOTAL', 11),
(1991, 'YEAR', 'STATE', 19, 4, 'TOTAL', 7),
(1991, 'YEAR', 'STATE', 36, 4, 'TOTAL', 185),
(1991, 'YEAR', 'STATE', 37, 4, 'TOTAL', 3),
(1991, 'YEAR', 'STATE', 42, 4, 'TOTAL', 3),
(1991, 'YEAR', 'STATE', 48, 4, 'TOTAL', 24),
(1991, 'YEAR', 'STATE', 55, 4, 'TOTAL', 11),
(1990, 'YEAR', 'STATE', 6, 4, 'TOTAL', 233),
(1990, 'YEAR', 'STATE', 17, 4, 'TOTAL', 10),
(1990, 'YEAR', 'STATE', 19, 4, 'TOTAL', 11),
(1990, 'YEAR', 'STATE', 36, 4, 'TOTAL', 189),
(1990, 'YEAR', 'STATE', 37, 4, 'TOTAL', 2),
(1990, 'YEAR', 'STATE', 48, 4, 'TOTAL', 18),
(1990, 'YEAR', 'STATE', 55, 4, 'TOTAL', 10);
COMMIT;

/*!40101 SET CHARACTER_SET_CLIENT=@OLD_CHARACTER_SET_CLIENT */;
/*!40101 SET CHARACTER_SET_RESULTS=@OLD_CHARACTER_SET_RESULTS */;
/*!40101 SET COLLATION_CONNECTION=@OLD_COLLATION_CONNECTION */;
